Workbook
Name Category_List: #REF!
Name Diet_List: #REF!
Name Habitat_List: #REF!
Name IUCN_List: #REF!
Name Species_List: #REF!
Name Zoo_category: Zoo_Data!$H$2:$H$11
Name Zoo_diet: Zoo_Data!$D$2:$D$11
Name Zoo_habitat: Zoo_Data!$E$2:$E$11
Name Zoo_iucn: Zoo_Data!$F$2:$F$11
Name Zoo_length: Zoo_Data!$C$2:$C$11
Name Zoo_pop: Zoo_Data!$G$2:$G$11
Name Zoo_species: Zoo_Data!$A$2:$A$11
Name Zoo_weight: Zoo_Data!$B$2:$B$11

Sheet Zoo_Data
A1: species | B1: avg_weight_kg | C1: avg_length_cm | D1: diet | E1: habitat | F1: iucn_status | G1: population_estimate | H1: category
A2: rock_hyrax | B2: 4.50 | C2: 55.00 | D2: Herbivore | E2: rocky | F2: Least Concern | G2: 50000 | H2: Hyrax
A3: bush_hyrax | B3: 3.8 | C3: 45 | D3: Herbivore | E3: savanna | F3: Near Threatened | G3: 12000 | H3: Hyrax
A4: tree_hyrax | B4: 2.9 | C4: 42 | D4: Herbivore | E4: forest | F4: Vulnerable | G4: 5000 | H4: Hyrax
A5: meerkat | B5: 1 | C5: 25 | D5: Omnivore | E5: savanna | F5: Least Concern | G5: 25000 | H5: Meerkat
A6: african_elephant | B6: 5400 | C6: 700 | D6: Herbivore | E6: savanna | F6: Endangered | G6: 415000 | H6: Elephant
A7: rock_rabbit | B7: 2.3 | C7: 40 | D7: Herbivore | E7: rocky | F7: Least Concern | G7: 8000 | H7: Rock Rabbit
A8: yellow_mongoose | B8: 0.8 | C8: 28 | D8: Omnivore | E8: grassland | F8: Least Concern | G8: 400000 | H8: Mongoose
A9: elephant_shrew | B9: 0.5 | C9: 20 | D9: Omnivore | E9: forest | F9: Near Threatened | G9: 30000 | H9: Elephant Shrew
A10: cape_hyrax | B10: 3.9 | C10: 47 | D10: Herbivore | E10: rocky | F10: Least Concern | G10: 60000 | H10: Hyrax
A11: desert_meerkat | B11: 0.9 | C11: 23 | D11: Omnivore | E11: desert | F11: Vulnerable | G11: 15000 | H11: Meerkat

Sheet helpers
A1: Risk_Level (from Zoo_Data)
A2: =IF(Zoo_Data!F2="Endangered","High",) -> 0

Sheet Zoo_Dashboard
A1: Dashboard
A3: Total Species | B3: =COUNTA(Zoo_Data!$A$2:$A$11) -> 10
A4: Avg Weight (kg) | B4: =ROUND(AVERAGE(Zoo_Data!$B$2:$B$11),2) -> 601.79
A5: Avg Population | B5: =ROUND(AVERAGE(Zoo_Data!$G$2:$G$11),0) -> 107778
A6: Endangered Count | B6: =COUNTIF(Zoo_Data!$F$2:$F$11,"Endangered") -> 1
A9: Category | B9: Avg Weight
A10: Elephant | B10: =AVERAGEIF(Zoo_Data!$H$2:$H$11,"Elephant",Zoo_Data!$B$2:$B$11) -> 5400
A11: Elephant Shrew | B11: =AVERAGEIF(Zoo_Data!$H$2:$H$11,"Elephant Shrew",Zoo_Data!$B$2:$B$11) -> 0.5
A12: Hyrax | B12: =AVERAGEIF(Zoo_Data!$H$2:$H$11,"Hyrax",Zoo_Data!$B$2:$B$11) -> 3.5333333
A13: Meerkat | B13: =AVERAGEIF(Zoo_Data!$H$2:$H$11,"Meerkat",Zoo_Data!$B$2:$B$11) -> 0.95
A14: Mongoose | B14: =AVERAGEIF(Zoo_Data!$H$2:$H$11,"Mongoose",Zoo_Data!$B$2:$B$11) -> 0.8
A15: Rock Rabbit | B15: =AVERAGEIF(Zoo_Data!$H$2:$H$11,"Rock Rabbit",Zoo_Data!$B$2:$B$11) -> 2.3
A30: IUCN | B30: Count
A31: Least Concern | B31: =COUNTIF(Zoo_Data!$F$2:$F$11,"Least Concern") -> 5
A32: Near Threatened | B32: =COUNTIF(Zoo_Data!$F$2:$F$11,"Near Threatened") -> 2
A33: Vulnerable | B33: =COUNTIF(Zoo_Data!$F$2:$F$11,"Vulnerable") -> 2
A34: Endangered | B34: =COUNTIF(Zoo_Data!$F$2:$F$11,"Endangered") -> 1
A35: Critically Endangered | B35: =COUNTIF(Zoo_Data!$F$2:$F$11,"Critically Endangered") -> 0

Sheet guide
A1: 🧩 1️⃣ Why We “Stringify” (use quotes like "Near Threatened")
A3: In Excel formulas such as COUNTIF, "text" criteria must be enclosed in quotes because:
A5: quotes tell Excel that it’s a literal value, not a reference or formula.
A7: otherwise Excel would look for a named range or variable called Near Threatened, which doesn’t exist.
A9: so:
A11: =COUNTIF(Zoo_Data!F2:F11,"Near Threatened") -> 2
A13: means:
A15: count cells in F2:F11 whose text exactly equals “Near Threatened”.
A17: if instead you had a cell (say A2) containing that text, you could use a reference without quotes:
A19: =COUNTIF(Zoo_Data!F2:F11, A2) -> 0
A21: 🧠 rule of thumb:
A23: "quoted" = literal text you typed
A25: A2 = value inside a cell
A29: 📊 2️⃣ How Dashboards Are Built (step-by-step)
A31: Dashboards are just a polished, interactive summary sheet that combines:
A32: 1️⃣ Data sheet(s) → your Zoo_Data table
A33: 2️⃣ Helper summaries → COUNTIF, AVERAGEIF, etc.
A34: 3️⃣ Visualisation elements → charts, slicers, KPI cards
A36: 🧱 Step-by-step layout:
A38: 🔹 Step 1 — Prep the data
A40: You already did this: a clean table with headers, formatted as a table (Ctrl+T).
A42: 🔹 Step 2 — Create your “Summary” area
A44: In a new sheet, make small tables like:
A46: Metric | B46: Formula | C46: Result
A47: Endangered count | B47: =COUNTIF(Zoo_Data[iucn_status],"Endangered") | C47: 1
A48: Average weight of Safe species | B48: =AVERAGEIF(Zoo_Data[risk_level],"Safe",Zoo_Data[avg_weight_kg]) | C48: ...
A50: 🔹 Step 3 — Add visuals
A52: Select your summary range and insert Column or Doughnut charts.
A54: Add Conditional Formatting icons (traffic lights or bars).
A56: Add Cards (merged cells with large numbers) for quick KPIs.
A58: 🔹 Step 4 — Add interactivity (optional)
A60: Use:
A62: Slicers (Insert → Slicer → choose iucn_status or diet)
A64: Pivot Charts for filtered visual summaries
A66: 🔹 Step 5 — Style it
A68: use consistent colours (e.g. red = high risk, green = safe)
A70: hide gridlines
A72: bold the main KPIs
... A85: coloured KPI cards
B90: 🧩 Excel Formula Knowledge Master Sheet
B92: 🧮 1️⃣ Formula Basics
B94: Concept | C94: Explanation | D94: Syntax | E94: Example
B95: Start of any formula | C95: All formulas in Excel start with an equals sign (=) — it tells Excel to calculate, not display text. | D95: {=expression} -> #NAME? | E95: =A1+B1 -> #VALUE!
B96: Cell Reference | C96: Refers to a value in another cell. Absolute ($A$1) means it never moves; relative (A1) shifts when copied. | D96: =A1 or =$A$1 | E96: =A1+B1 or =$A$1+B1
B97: Operator Order | C97: Excel follows PEMDAS (Parentheses, Exponent, Multiply/Divide, Add/Subtract). | D97: =3+5*2 → 13 | E97: Add brackets for clarity: =(3+5)*2 → 16
B98: Text in formulas | C98: Must always be in quotes " ". | D98: "text" | E98: ="Hello " & A1 -> Hello 🧩 1️⃣ Why We “Stringify” (use quotes like "Near Threatened")
B101: ⚙️ 2️⃣ Common Mathematical Functions
B103: Function | C103: Syntax | D103: Description | E103: Example
B104: SUM | C104: =SUM(range) -> #NAME? | D104: Adds up values. | E104: =SUM(B2:B10) -> 0
B105: AVERAGE | C105: =AVERAGE(range) -> #NAME? | D105: Calculates the mean. | E105: =AVERAGE(C2:C10) -> #DIV/0!
B106: MIN / MAX | C106: =MIN(range) / =MAX(range) | D106: Finds lowest / highest value. | E106: =MAX(E2:E20) -> 0
B107: ROUND | C107: {=ROUND(number, num_digits)} -> #NAME? | D107: Rounds number to desired decimals. | E107: =ROUND(12.345,2) → 12.35
B108: COUNT / COUNTA | C108: =COUNT(range) / =COUNTA(range) | D108: COUNT = numeric only; COUNTA = any non-empty cell. | E108: =COUNT(B2:B10) -> 0
B111: 🧠 3️⃣ Conditional Logic
B113: Function | C113: Syntax | D113: Description | E113: Example
B114: IF | C114: {=IF(logical_test, value_if_true, value_if_false)} -> #NAME? | D114: Tests a condition. | E114: =IF(B2>50,"Pass","Fail") -> Fail
B115: Nested IF | C115: Stack multiple IFs for tiers. | D115: =IF(B2>80,"High",IF(B2>50,"Medium","Low")) -> Low
B116: IFS | C116: Simplified multiple conditions (Excel 2016+). | D116: {=_xlfn.IFS(B2>80,"High",B2>50,"Medium",TRUE,"Low")} -> Low
B117: AND / OR | C117: Combine tests. | D117: =IF(AND(B2>50,C2<10),"OK","Check") -> Check
B120: 🧩 4️⃣ Text & Cleaning
B122: Function | C122: Syntax | D122: Description | E122: Example
B123: TRIM | C123: =TRIM(_xleta.TEXT) -> #VALUE! | D123: Removes extra spaces. | E123: =TRIM(A2)
B124: UPPER / LOWER / PROPER | C124: =UPPER(text) etc. | D124: Changes case. | E124: =PROPER("rock hyrax") → “Rock Hyrax”
B125: LEFT / RIGHT / MID | C125: {=LEFT(_xleta.TEXT,num_chars)} -> #VALUE! | D125: Extracts parts of text. | E125: =LEFT(A2,4)
B126: CONCAT / & | C126: =CONCAT(text1,text2) or =A1 & " " & B1 | D126: Joins text pieces. | E126: "Hyrax " & "Data" → “Hyrax Data”
B127: LEN | C127: =LEN(_xleta.TEXT) -> #VALUE! | D127: Counts characters. | E127: =LEN(A2) -> 0
B130: 📊 5️⃣ Statistical & Analytical
B132: Function | C132: Syntax | D132: Description | E132: Example
B133: COUNTIF | C133: {=COUNTIF(range, criteria)} -> #NAME? | D133: Counts cells meeting one condition. | E133: =COUNTIF(F:F,"Endangered") -> 0
B134: COUNTIFS | C134: =COUNTIFS(range1, criteria1, range2, criteria2, ...) | D134: Counts with multiple conditions. | E134: =COUNTIFS(E:E,"forest",F:F,"Endangered") -> 0
B135: AVERAGEIF | C135: {=AVERAGEIF(range, criteria, average_range)} -> #NAME? | D135: Averages by one condition. | E135: =AVERAGEIF(G:G,"High",B:B) -> #DIV/0!
B136: SUMIF / SUMIFS | C136: Same logic for sums. | D136: =SUMIF(F:F,"Safe",G:G) -> 0
B137: IFERROR | C137: {=IFERROR(formula,value_if_error)} -> #NAME? | D137: Avoids #N/A or #DIV/0!. | E137: =IFERROR(A2/B2,"Check") -> Check
B140: 🔍 6️⃣ Lookup & Reference (advanced)
B142: Function | C142: Syntax | D142: Description | E142: Example
B143: XLOOKUP | C143: =XLOOKUP(lookup_value, lookup_array, return_array, [if_not_found]) | D143: Finds value across a table. | E143: =XLOOKUP(A2, Zoo_Data[species], Zoo_Data[iucn_status], "Not found")
B144: VLOOKUP (old) | C144: =VLOOKUP(lookup_value, table_array, col_index, [range_lookup]) | D144: Same, older syntax. | E144: =VLOOKUP(A2, A:H, 5, FALSE) -> 0
B145: INDEX + MATCH | C145: {=INDEX(return_range, MATCH(lookup_value, lookup_range,0))} -> #NAME? | D145: Reliable replacement for VLOOKUP. | E145: =INDEX(D:D, MATCH(A2, A:A,0)) -> 0
B146: INDIRECT | C146: {=INDIRECT(ref_text)} -> #NAME? | D146: Turns text into reference. | E146: {=INDIRECT("A"&B2)} -> #REF!
B147: OFFSET | C147: {=OFFSET(reference, _xleta.ROWS, cols)} -> #NAME? | D147: Dynamic referencing (advanced). | E147: =OFFSET(A1,1,0) -> 0
B150: 🎨 7️⃣ Helper Columns
B152: Use helper columns to break complex formulas into readable steps.
B153: Example:
B154: 1️⃣ Column G = risk level via IF.
B155: 2️⃣ Column H = numeric code for risk (1–4).
B156: 3️⃣ Column I = category logic for dashboard.
B158: Benefits: easier to audit and use in COUNTIFs or charts.
B162: 🧭 8️⃣ Formula Syntax Rules
B164: Symbol | C164: Meaning | D164: Example
B165: = | C165: Start formula | D165: =SUM(A1:A5) -> 0
B166: + - * / ^ | C166: Math ops | D166: =A1*B1, =A1^2
B167: () | C167: Group logic | D167: =(A1+B1)*C1 -> #VALUE!
B168: , or ; | C168: Separates arguments (depends on regional settings) | D168: =IF(A1>0,"Yes","No") -> Yes
B169: @ | C169: Structured reference for current row (inside Table) | D169: =[@iucn_status]
B170: [] | C170: Used in structured references to mark column names | D170: =AVERAGE(Zoo_Data[avg_weight_kg])
B173: 🧾 9️⃣ Formula Writing Workflow (How You Build One)
B175: 1. Identify what you want to calculate (e.g., count endangered species).
B177: 2. Decide the tool (COUNTIF, AVERAGEIF, SUM, etc.).
B179: 3. Locate the range (which column or table).
B181: 4. Add criteria (e.g., "Endangered" or a cell reference).
...
